Size,Threads,Solutions,FirstTime_s,TotalTime_s,Status
8,64,2219806 0.130268 717.227
16,64,449979 0.199066 512.342
